N°,Nombre,Imagen,Tipo,Fuerza,Coste de oro,Raza,Frecuencia,Edición,Habilidad,Código,Arte,Texto épico
0,Anchancho,https://static.wikia.nocookie.net/myl-tcg/images/9/9f/Anchancho_2.png/revision/latest?cb=20211020010617&path-prefix=es,Talismán,Sin Fuerza,4,Sin Raza,Cortesano,La Ira del Nahual,Eliges al Aliado de mayor fuerza de tu oponente y lo pones en su cementerio.,1 - 126 / Primera Edición,Gabriel Rodríguez,Con su mano de lana te engatusa suavemente y su mano de hierro te ahoga cruelmente... Devorará la piedra de tu frente y morirás prontamente.
1,Yanomami,https://static.wikia.nocookie.net/myl-tcg/images/c/c1/Yanomami_2.png/revision/latest?cb=20211020011746&path-prefix=es,Talismán,Sin Fuerza,4,Sin Raza,Cortesano,La Ira del Nahual,Destruye un Aliado oponente a tu elección.,2 - 126 / Primera Edición,Juan Vásquez/Rodrigo Elgueta,Canciones de pájaros multicolores llenan la selva. La vida libre es buena para quien se hace cargo de sí mismo y de los suyos.
2,Auca,https://static.wikia.nocookie.net/myl-tcg/images/f/ff/Auca_2.png/revision/latest?cb=20211020012242&path-prefix=es,Talismán,Sin Fuerza,1,Sin Raza,Cortesano,La Ira del Nahual,"En el momento que tu oponente juegue un Arma desde su mano, puedes jugar esta carta y mandar a su cementerio dicha Arma.",3 - 126 / Primera Edición,Juan Vásquez/Rodrigo Elgueta,"Ser rebelde, que ningún imperio te aplaste. Ser libre, gobernar la propia vida y alzar la cabeza con dignidad en el corazón."
3,Toki,https://static.wikia.nocookie.net/myl-tcg/images/7/74/Toki_2.png/revision/latest?cb=20211020013302&path-prefix=es,Talismán,Sin Fuerza,1,Sin Raza,Cortesano,La Ira del Nahual,"En el momento que tu oponente juegue un Tótem desde su mano, puedes jugar esta carta y mandar a su cementerio dicho Tótem.",4 - 126 / Primera Edición,Waldo Retamales,"La guerra se acerca; sólo el más fuerte, el más veloz, el más valiente, el más astuto, es el líder..., sólo el que demuestra ser eficaz y ningún otro."
4,Flechero,https://static.wikia.nocookie.net/myl-tcg/images/6/64/Flechero.png/revision/latest?cb=20221213082716&path-prefix=es,Talismán,Sin Fuerza,1,Sin Raza,Cortesano,La Ira del Nahual,"En el momento que tu oponente juegue un Talismán desde su mano, puedes jugar esta carta y mandar a su cementerio dicho Talismán.",5 - 126 / Primera Edición,Mauricio Herrera,"Distinguido en su carrera como brujo, el verdugo implacable ejecuta la pena de muerte sentenciada por la mayoría."
5,Ira del Nahual,https://static.wikia.nocookie.net/myl-tcg/images/4/47/Ira_del_Nahual.jpg/revision/latest?cb=20201204144856&path-prefix=es,Talismán,Sin Fuerza,4,Sin Raza,Real,La Ira del Nahual,Todos tus aliados que ataquen son imbloqueables por este turno.,6 - 126 / Primera Edición,Mauricio Herrera,"El mago convertido en su otro yo, en su doble, actúa en éste y otros mundos. Así la justicia abate al intrigante, al traidor, al usurpador."
6,Ix Chebel Yax,https://static.wikia.nocookie.net/myl-tcg/images/4/48/Ix_Chebel_Yax.jpg/revision/latest?cb=20201204145633&path-prefix=es,Talismán,Sin Fuerza,2,Sin Raza,Cortesano,La Ira del Nahual,Puedes buscar un talismán en tu castillo y ponerlo en tu mano.,7 - 126 / Primera Edición,Andrés Blanco,"Abuela dueña de la tierra, hacedora de lluvia, pinta de rojo con un pincel: la tierra, las hojas, la corteza del árbol y la cresta del pájaro carpintero."
7,Pachamama,https://static.wikia.nocookie.net/myl-tcg/images/b/b5/Pachamama.jpg/revision/latest?cb=20201204152156&path-prefix=es,Talismán,Sin Fuerza,2,Sin Raza,Real,La Ira del Nahual,Puedes buscar un aliado en tu castillo y ponerlo en tu mano.,8 - 126 / Primera Edición,Dreg,"Madre nuestra, eres tiempo que cura los dolores, tiempo que distribuye las estaciones, tierra fecunda. Todos venimos de ti y aceptamos tu ley."
8,Ix Tabai,https://static.wikia.nocookie.net/myl-tcg/images/a/a2/Ix_Tabai.png/revision/latest?cb=20211020020924&path-prefix=es,Talismán,Sin Fuerza,2,Sin Raza,Vasallo,La Ira del Nahual,"Si en el turno anterior fuiste atacado, tu oponente deberá mandar al cementerio a uno de sus Aliados.",9 - 126 / Primera Edición,Dreg,"Por el llanto de la señora de la cuerda. Por promesas de una vida futura, allá cantarás con los pájaros, allá las flores embriagan con alegría, ellos destruyen sus vidas en las encrucijadas."
9,Sacrificio Humano,https://static.wikia.nocookie.net/myl-tcg/images/b/b3/Sacrificio_Humano.jpg/revision/latest?cb=20201204153651&path-prefix=es,Talismán,Sin Fuerza,5,Sin Raza,Real,La Ira del Nahual,"Por cada aliado en juego, tu oponente debe pagar un oro, si no lo hace debe enviarlo al cementerio.",10 - 126 / Primera Edición,Dreg,En la piedra Techcatl la ofrenda llega al lugar de su quietud. Así llega ante el poder y trono de los dioses.
10,K' Ak' Na,https://static.wikia.nocookie.net/myl-tcg/images/d/d5/K%27_Ak%27_Na_2.png/revision/latest?cb=20211020021707&path-prefix=es,Talismán,Sin Fuerza,4,Sin Raza,Real,La Ira del Nahual,El oponente descarta 2 cartas de su mano al cementerio y tú robas la carta superior de tu castillo.,11 - 126 / Primera Edición,Alan Robinson,"En la sexta casa de tormento en Xibalba, me aguardaban brazas ardiendo y fuego ansiosos de quemarme. ¿Dónde vagaba mi corazón para llegar hasta aquí?"
11,Machitún,https://static.wikia.nocookie.net/myl-tcg/images/9/97/Machit%C3%BAn.jpg/revision/latest?cb=20201206124135&path-prefix=es,Talismán,Sin Fuerza,2,Sin Raza,Real,La Ira del Nahual,Reduce a cero todo el daño hecho por tu oponente en este turno.,12 - 126 / Primera Edición,Mauricio Herrera,"En la purificación, la machi en trance, dirige oraciones a los dioses mayores y los antepasados. La familia canta y grita, todos luchan juntos para limpiar el cuerpo del wekufe."
12,Sotz' Na,https://static.wikia.nocookie.net/myl-tcg/images/9/96/Sotz%27_Na_2.png/revision/latest?cb=20211020022713&path-prefix=es,Talismán,Sin Fuerza,3,Sin Raza,Real,La Ira del Nahual,"En el momento que tu oponente juegue un aliado desde su mano, puedes jugar esta carta y botar al cementerio a dicho aliado.",13 - 126 / Primera Edición,Gabriel Rodríguez,"En la cuarta casa de tormento en Xilbalba, me aguardaban murciélagos que chillan y revolotean, ansiosos de ensartar mi cabeza. ¿Dónde vagaba mi corazón para llegar hasta aquí?"
13,Ix Chel,https://static.wikia.nocookie.net/myl-tcg/images/1/16/Ix_Chel.png/revision/latest?cb=20211020023033&path-prefix=es,Talismán,Sin Fuerza,2,Sin Raza,Vasallo,La Ira del Nahual,Un Aliado que elijas no podrá ser bloqueado en este turno.,14 - 126 / Primera Edición,Andrés Blanco,"Los curanderos danzan a la diosa luna, patrona de la medicina, el parto y las inundaciones."
14,Xochi Yaoyotl,https://static.wikia.nocookie.net/myl-tcg/images/0/07/Xochi_Yaoyotl_2.png/revision/latest?cb=20211020023255&path-prefix=es,Talismán,Sin Fuerza,4,Sin Raza,Real,La Ira del Nahual,Un aliado dobla su fuerza hasta el final del turno.,15 - 126 / Primera Edición,Gabriel Rodríguez,"La guerra florida, nuestra lucha, el despertar de las fuerzas dormidas. Cautivos: huexotzincas, tlaxcaltecas y cholultecas. Ofrendas a los dioses."
15,Ch' Ayin Na,https://static.wikia.nocookie.net/myl-tcg/images/8/85/Ch%27_Ayin_Na_2.png/revision/latest?cb=20211020023651&path-prefix=es,Talismán,Sin Fuerza,4,Sin Raza,Cortesano,La Ira del Nahual,"Si en tu turno tienes menos de 5 cartas en tu castillo, puedes tomar las 5 cartas superiores de tu cementerio y barajarlas con tu castillo.",16 - 126 / Primera Edición,Alan Robinson,"En la quinta casa de tormento en Xibalba me aguardaban navajas cortantes y afiladas, rechinando ansiosas de despedazar mi carne. ¿Dónde vagada mi corazón para llegar hasta aquí?."
16,Cataratas del Iguazú,https://static.wikia.nocookie.net/myl-tcg/images/e/ef/Cataratas_del_Iguaz%C3%BA.jpg/revision/latest?cb=20201207040629&path-prefix=es,Talismán,Sin Fuerza,4,Sin Raza,Real,La Ira del Nahual,Destruye 2 aliados en juego y juega otro turno después de éste.,17 - 126 / Primera Edición,Alejandro Romero,"La bella Naipoe se marchó con un mortal en una canoa. El dios, celoso y enfurecido, abrió las cataratas para detenerlos."
17,Revolución de los Objetos,https://static.wikia.nocookie.net/myl-tcg/images/2/27/Revoluci%C3%B3n_de_los_Objetos.jpg/revision/latest?cb=20201208181434&path-prefix=es,Talismán,Sin Fuerza,6,Sin Raza,Real,La Ira del Nahual,Busca una carta de aliado en el castillo de tu oponente y ponla en juego en tu línea de defensa.,18 - 126 / Primera Edición,Dreg,"El telar estrangula a su dueño, el mortero blande con furia asesina la piedra de moler, los objetos sin alma se rebelan, es el fin de un mundo."
18,Rito del Dorado,https://static.wikia.nocookie.net/myl-tcg/images/d/d9/Rito_del_Dorado.jpg/revision/latest?cb=20201208181814&path-prefix=es,Talismán,Sin Fuerza,0,Sin Raza,Real,La Ira del Nahual,Descártate de 2 cartas y busca dos oros en tu castillo para ponerlos en tu mano.,19 - 126 / Primera Edición,Gabriel Rodríguez,"El pueblo escucha con recogimiento los cánticos. En la balsa real, el señor cubierto de oro, se prepara para lanzarse al agua, confiado en la generosidad de la diosa."
19,Reducción de Cabeza,https://static.wikia.nocookie.net/myl-tcg/images/8/8f/Reducci%C3%B3n_de_Cabeza_2.png/revision/latest?cb=20211020025252&path-prefix=es,Talismán,Sin Fuerza,4,Sin Raza,Vasallo,La Ira del Nahual,"Si tu oponente tiene todos sus Oros ocupadas, destruye uno de ellos enviándolo al cementerio.",20 - 126 / Primera Edición,Mauricio Herrera,"Encierra el espíritu del enemigo, para que no vuelva, así será derrotado para siempre."
20,Máscara del Sol,https://static.wikia.nocookie.net/myl-tcg/images/e/e7/M%C3%A1scara_del_Sol_2.png/revision/latest?cb=20211020025300&path-prefix=es,Talismán,Sin Fuerza,3,Sin Raza,Cortesano,La Ira del Nahual,Elige un Oro en juego y devuélvelo a la mano de su propietario.,21 - 126 / Primera Edición,Waldo Retamales,"Brilla, demasiado bueno para los demás; hay que quitárselo, dice el avaro. Mas no disfruta. El sol irradia, el oro irradia, el amigo irradia... para todos."
21,Sacrificio Gladiatorio,https://static.wikia.nocookie.net/myl-tcg/images/9/94/Sacrificio_Gladiatorio_2.png/revision/latest?cb=20211020025302&path-prefix=es,Talismán,Sin Fuerza,4,Sin Raza,Cortesano,La Ira del Nahual,Tu oponente bota de su castillo tantas cartas como Aliados tenga en juego.,22 - 126 / Primera Edición,Waldo Retamales,"Sólo los más valientes, como Tlalhuicole de Tlaxacala, deciden morir peleando, despreciando las tradiciones de este mundo."
22,Iniciación Guerrera,https://static.wikia.nocookie.net/myl-tcg/images/5/58/Iniciaci%C3%B3n_Guerrera_2.png/revision/latest?cb=20211020025257&path-prefix=es,Talismán,Sin Fuerza,3,Sin Raza,Cortesano,La Ira del Nahual,"Si todos tus Aliados son del mismo tipo, éstos ganan +1 de fuerza, hasta el final del turno.",23 - 126 / Primera Edición,Gabriel Rodríguez,Con tu primer cautivo demuestras tu valor. Sigue así y pronto serás importante: tendrás insignias de plumas de quetzal y piel de jaguar.
23,Camaxtle,https://static.wikia.nocookie.net/myl-tcg/images/7/70/Camaxtle.png/revision/latest?cb=20211020031027&path-prefix=es,Talismán,Sin Fuerza,2,Sin Raza,Vasallo,La Ira del Nahual,Todos los Aliados que lleven Armas no podrán ser bloqueados en este turno.,22 - 126 / Primera Edición,Waldo Retamales,"Dios desnudo, señor de los cazadores serpiente de nube. Con arco y flechas, en el mes de Quecholli marchamos al monte por presas."
24,Tonatiuh,https://static.wikia.nocookie.net/myl-tcg/images/b/b9/Tonatiuh_2.png/revision/latest?cb=20211020031031&path-prefix=es,Talismán,Sin Fuerza,1,Sin Raza,Real,La Ira del Nahual,Genera 2 de oro virtuales para Chamanes.,25 - 126 / Primera Edición,Dreg,"Vivimos por la gracia del águila que asciende, el luminoso calor, la fuente de energía del universo."
25,Cacería del Peyolt,https://static.wikia.nocookie.net/myl-tcg/images/e/e4/Cacer%C3%ADa_del_Peyolt_2.png/revision/latest?cb=20211020031033&path-prefix=es,Talismán,Sin Fuerza,1,Sin Raza,Cortesano,La Ira del Nahual,"Genera 2 Oros virtuales para Talismanes, Armas o Tótems.",26 - 126 / Primera Edición,Dreg,"Chamán y cazadores peregrinan, buscando la huella del venado. Luego se da caza al dios astado y de sus cuernos florece la mazorca de maíz."
26,Huáscar y Atahualpa,https://static.wikia.nocookie.net/myl-tcg/images/2/2c/Hu%C3%A1scar_y_Atahualpa_2.png/revision/latest?cb=20211020031034&path-prefix=es,Talismán,Sin Fuerza,1,Sin Raza,Real,La Ira del Nahual,Todos tus aliados defensores no reciben daño en este turno.,27 - 126 / Primera Edición,Rodrigo Elgueta,"Los hijos de Huayna Capac se enfrentan. Huáscar maltrata sus hombres, éstos se pasan al ejército de su hermano. Para Atahualpa el camino al trono, en Cuzco capital del Tauantinsuyo, es victorioso."
27,Macuñ,https://static.wikia.nocookie.net/myl-tcg/images/2/2c/Macu%C3%B1.jpg/revision/latest?cb=20201212141853&path-prefix=es,Talismán,Sin Fuerza,2,Sin Raza,Vasallo,La Ira del Nahual,Elige un Chamán en tu cementerio y cámbialo por uno que esté en juego.,28 - 126 / Primera Edición,Mauricio Herrera,"El brujo vuela en el viento helado. Su chaleco de cuero de difunta, como un farol, alimentado con aceite humano, alumbra esta noche inclemente."
28,Ah Puch,https://static.wikia.nocookie.net/myl-tcg/images/6/68/Ah_Puch_2.png/revision/latest?cb=20211020032442&path-prefix=es,Talismán,Sin Fuerza,5,Sin Raza,Cortesano,La Ira del Nahual,Destruye todos tus Aliados en juego y pon gratis un Aliado en juego desde tu mano.,29 - 126 / Primera Edición,Juan Vásquez,"Tendremos que perecer. Señores Águilas y Jaguares, aunque fuerais de jade o de oro, también iremos a su casa, al lugar de los descarnados."
29,Xochiquetzal,https://static.wikia.nocookie.net/myl-tcg/images/5/5c/Xochiquetzal_2.png/revision/latest?cb=20211020032447&path-prefix=es,Talismán,Sin Fuerza,3,Sin Raza,Vasallo,La Ira del Nahual,"Un Aliado dobla su fuerza por este turno, si está defendiendo.",30 - 126 / Primera Edición,Dreg,"En el paraíso de Tamcanchan hay un árbol que tenía enamorado al que toca sus flores. Aquí mora Flor Preciosa, amor y belleza, guardada celosamente por enanos y jorobados nadie puede verla."
30,Tótem de Perro,https://static.wikia.nocookie.net/myl-tcg/images/5/5e/T%C3%B3tem_de_Perro_2.png/revision/latest?cb=20211020032447&path-prefix=es,Tótem,Sin Fuerza,1,Sin Raza,Cortesano,La Ira del Nahual,Elige un tipo de Aliado en juego y todos tus Aliados serán de ese tipo.,31 - 126 / Primera Edición,Alejandro Romero,"Fiel señal, fiel guía, en el viaje nocturno por el río que lleva a la tierra de los muertos."
31,Tótem del Cóndor,https://static.wikia.nocookie.net/myl-tcg/images/0/01/T%C3%B3tem_del_C%C3%B3ndor.jpg/revision/latest?cb=20201212144227&path-prefix=es,Tótem,Sin Fuerza,6,Sin Raza,Real,La Ira del Nahual,Todos tus aliados son imbloqueables,32 - 126 / Primera Edición,Gabriel Rodríguez,"En la casa arriba del mundo, en el espacio infinito, encontrarás el consejo de los más antiguos."
32,Tótem de Conejo,https://static.wikia.nocookie.net/myl-tcg/images/a/af/T%C3%B3tem_de_Conejo.jpg/revision/latest?cb=20201212144813&path-prefix=es,Tótem,Sin Fuerza,1,Sin Raza,Vasallo,La Ira del Nahual,"Si un Aliado que tengas en juego es destruido, para salvarlo puedes destruir este Tótem.",33- 126 / Primera Edición,Alejandro Romero,"Sinuoso como luz de luna, propicia el presagio y la fortuna."
33,Tótem del Águila,https://static.wikia.nocookie.net/myl-tcg/images/6/6c/T%C3%B3tem_del_%C3%81guila.jpg/revision/latest?cb=20201212150003&path-prefix=es,Tótem,Sin Fuerza,2,Sin Raza,Real,La Ira del Nahual,Te cuesta un oro menos jugar Chamanes.,34 - 126 / Primera Edición,Waldo Retamales,"Poderoso en las alturas, desde el espacio infinito donde moras, otórganos la intrepidez en el combate."
34,Tótem de Guanaco,https://static.wikia.nocookie.net/myl-tcg/images/4/46/T%C3%B3tem_de_Guanaco.png/revision/latest?cb=20200618043113&path-prefix=es,Tótem,Sin Fuerza,2,Sin Raza,Cortesano,La Ira del Nahual,A tu oponente le cuesta un Oro más jugar sus cartas.,35 - 126 / Primera Edición,Waldo Retamales,Vida y fertilidad para los pastores. Abundancia para los cazadores.
35,Tótem de Cocodrilo,https://static.wikia.nocookie.net/myl-tcg/images/f/fe/T%C3%B3tem_de_Cocodrilo.png/revision/latest?cb=20200712063451&path-prefix=es,Tótem,Sin Fuerza,4,Sin Raza,Cortesano,La Ira del Nahual,"Tu oponente, antes de poner en juego un Oro, debe pagarlo con otro.",36 - 126 / Primera Edición,Andrés Blanco,De ti se hicieron el cielo y la tierra. De ti viene toda fuerza y fecundidad.
36,Tótem del Mono,https://static.wikia.nocookie.net/myl-tcg/images/5/55/T%C3%B3tem_del_Mono_2.png/revision/latest?cb=20211020034147&path-prefix=es,Tótem,Sin Fuerza,2,Sin Raza,Real,La Ira del Nahual,Todos tus aliados pueden llevar un arma extra.,37 - 126 / Primera Edición,Juan Vásquez,"Concede tu favor y sabiduría, concede tu ayuda al hábil artesano."
37,Tótem de Jaguar,https://static.wikia.nocookie.net/myl-tcg/images/2/24/T%C3%B3tem_de_Jaguar.png/revision/latest?cb=20211020034633&path-prefix=es,Tótem,Sin Fuerza,2,Sin Raza,Cortesano,La Ira del Nahual,Todos tu aliados ganan +1 de fuerza.,38 - 126 / Primera Edición,Juan Vásquez,"Poderoso don de la noche estrellada, otórganos valor y fortaleza en el combate."
38,Tótem del Puma,https://static.wikia.nocookie.net/myl-tcg/images/1/13/T%C3%B3tem_del_Puma.jpg/revision/latest?cb=20201212165737&path-prefix=es,Tótem,Sin Fuerza,3,Sin Raza,Real,La Ira del Nahual,Ningún jugador puede bajar más oros.Cualquier jugador puede botar 3 cartas de su castillo para destruir este Tótem.,39 - 126 / Primera Edición,Mauricio Herrera,"Alcanzar la cúspide, alcanzar la victoria, morar en el poder."
39,Tótem de Serpiente,https://static.wikia.nocookie.net/myl-tcg/images/7/7f/T%C3%B3tem_de_Serpiente_2.png/revision/latest?cb=20211020034152&path-prefix=es,Tótem,Sin Fuerza,3,Sin Raza,Cortesano,La Ira del Nahual,"Por cada Aliado que te ataque, tu oponente deberá botar una carta de su castillo al final del ataque.",40 - 126 / Primera Edición,Gabriel Rodríguez,La vida se renueva en los ríos y la caricia del agua. El espíritu se renueva en el fuego y la mordida del relámpago.
40,Insignia de Toqui,https://static.wikia.nocookie.net/myl-tcg/images/d/d4/Insignia_de_Toqui_2.png/revision/latest?cb=20211020034152&path-prefix=es,Arma,Sin Fuerza,0,Sin Raza,Vasallo,La Ira del Nahual,Su portador es del tipo que elijas.,41 - 126 / Primera Edición,Waldo Retamales,"Más que un derecho, esta insignia es el deber de un líder en el camino de la guerra."
41,Atlatl,https://static.wikia.nocookie.net/myl-tcg/images/f/ff/Atlatl.jpg/revision/latest?cb=20201212172731&path-prefix=es,Arma,Sin Fuerza,3,Sin Raza,Vasallo,La Ira del Nahual,Su portador gana +3 a la fuerza y no puede ser bloqueado.,42 - 126 / Primera Edición,Dreg,"Guerrero, arroja con potente destreza tus dardos... Las tropas enemigas son abatidas por nuestra lluvia de rayos mortales."
42,Tepoztopilli,https://static.wikia.nocookie.net/myl-tcg/images/0/0c/Tepoztopilli_2.png/revision/latest?cb=20211020162430&path-prefix=es,Arma,Sin Fuerza,3,Sin Raza,Vasallo,La Ira del Nahual,Su portador puede bloquear cartas imbloqueables.,43 - 126 / Primera Edición,Juan Vásquez,"Guerrero, con valor, empuña contra nuestro enemigo su lanza afilada."
43,Boleadoras,https://static.wikia.nocookie.net/myl-tcg/images/9/99/Boleadoras_2.png/revision/latest?cb=20211020162434&path-prefix=es,Arma,Sin Fuerza,2,Sin Raza,Vasallo,La Ira del Nahual,Su portador puede bloquear a más de un Aliado oponente.,44 - 126 / Primera Edición,Waldo Retamales,"Las boleadoras giran vertiginosamente por el aire, se enredan entra las piernas... y el enemigo cae al suelo inmovilizado."
44,Cerbatana,https://static.wikia.nocookie.net/myl-tcg/images/6/6a/Cerbatana.jpg/revision/latest?cb=20201212192624&path-prefix=es,Arma,Sin Fuerza,2,Sin Raza,Cortesano,La Ira del Nahual,Si su portador es bloqueado tu oponente se descarta de todas las cartas de su mano.,45 - 126 / Primera Edición,Gabriel Rodríguez,El cazador arroja con la fuerza de su aliento los dardos envenenados... La presa cae sin darse cuenta siquiera.
45,Honda,https://static.wikia.nocookie.net/myl-tcg/images/e/e0/Honda_2.png/revision/latest?cb=20211020162434&path-prefix=es,Arma,Sin Fuerza,2,Sin Raza,Vasallo,La Ira del Nahual,Su portador gana +1 de fuerza y no puede ser bloqueado.,46 - 126 / Primera Edición,Juan Vásquez,No hay enemigo demasiado grande para... una pedrada bien puesta entre los ojos.
46,Macahuitl,https://static.wikia.nocookie.net/myl-tcg/images/6/64/Macahuitl.jpg/revision/latest?cb=20201214010113&path-prefix=es,Arma,Sin Fuerza,2,Sin Raza,Vasallo,La Ira del Nahual,"Siempre que este Aliado haga daño al castillo oponente, puedes buscar una carta de Oro en tu castillo y ponerlo en juego.",47 - 126 / Primera Edición,Gabriel Rodríguez,"Potente espada de madera, con negra obsidiana, piedra del rayo como filo, capaz de partir cuerpos y cabezas."
47,Maza,https://static.wikia.nocookie.net/myl-tcg/images/5/57/Maza_2.png/revision/latest?cb=20211020162434&path-prefix=es,Arma,Sin Fuerza,2,Sin Raza,Vasallo,La Ira del Nahual,"Siempre que este Aliado haga daño a un castillo, toma una carta al azar de la mano de tu oponente y mándala al cementerio.",48 - 126 / Primera Edición,Mauricio Herrera,La habilidad de los soldados conquistadores con la maza es la destrucción completa de cualquier resistencia del adversario.
48,Arco y Flechas,https://static.wikia.nocookie.net/myl-tcg/images/f/fc/Arco_y_Flechas.jpg/revision/latest?cb=20201214010912&path-prefix=es,Arma,Sin Fuerza,3,Sin Raza,Cortesano,La Ira del Nahual,Este Aliado gana fuerza igual al número de Oros que tengas en juego.,49 - 126 / Primera Edición,Mauricio Herrera,"La tensión justa de la cuerda, flecha, arco y arquero son uno, el blanco es alcanzado en un instante."
49,Tecpatl,https://static.wikia.nocookie.net/myl-tcg/images/d/d0/Tecpatl.png/revision/latest?cb=20211020164553&path-prefix=es,Arma,Sin Fuerza,2,Sin Raza,Cortesano,La Ira del Nahual,El Aliado portador de esta Arma es imbloqueable.,50 - 126 / Primera Edición,Andrés Blanco,"Con vida propia, con fuerza propia, el afilado pedernal guía la mano del sacerdote en su tarea."
50,Cueva de Quicaví,https://static.wikia.nocookie.net/myl-tcg/images/e/ee/Cueva_de_Quicav%C3%AD.png/revision/latest?cb=20211020164940&path-prefix=es,Aliado,2,3,Chamán,Vasallo,La Ira del Nahual,"Si es destruido, todos tus Aliados en juego ganan +1 de fuerza permanentemente.",51 - 126 / Primera Edición,Rubén Montecinos,La cueva guardada por feroces invunches acoge a la mayoría. El consejo de los brujos dicta fatales sentencias prontas a realizarse.
51,Huitzil,https://static.wikia.nocookie.net/myl-tcg/images/7/77/Huitzil.jpg/revision/latest?cb=20201214013734&path-prefix=es,Aliado,2,3,Chamán,Cortesano,La Ira del Nahual,Una vez por turno paga uno de Oro y destruye un Aliado que tenga fuerza 1 o menos.,52 - 126 / Primera Edición,Alan Robinson,"En el cerro Coatepec, en los huesos de Huitzil, encarna el dios Tetzauehteotl para guiar a su pueblo a la tierra prometida y convertirlos en los amos del mundo."
52,Machi,https://static.wikia.nocookie.net/myl-tcg/images/1/1d/INH-053.png/revision/latest?cb=20221213083027&path-prefix=es,Aliado,1,3,Chamán,Cortesano,La Ira del Nahual,Paga uno de Oro y un Aliado oponente tiene fuerza cero hasta el final del turno.,53 - 126 / Primera Edición,Waldo Retamales,"Peumas y perimontúm, sueños y visiones le indicaron el camino. Ahora sana cuerpo y alma. En trance viaja por los mundos, es oráculo. Invoca la lluvia en la sequía."
53,Inca Yupanqui,https://static.wikia.nocookie.net/myl-tcg/images/c/c6/Inca_Yupanqui.jpg/revision/latest?cb=20201214015318&path-prefix=es,Aliado,1,1,Chamán,Real,La Ira del Nahual,Por cada Tótem que esté bajo tu control este Chamán gana +1 de fuerza.,54 - 126 / Primera Edición,Rodrigo Elgueta,"En la fuente de Susur Puquio descendió una tabla de cristal, apareció el taita Inti y dijo: ""Hijo mío, no temas, sujetarás muchas naciones"". El inca guardó el espejo mágico."
54,Tacán,https://static.wikia.nocookie.net/myl-tcg/images/f/ff/Tac%C3%A1n_2.png/revision/latest?cb=20211020170920&path-prefix=es,Aliado,1,1,Chamán,Vasallo,La Ira del Nahual,"Si es destruido, los otros Chamanes que controles ganan +1 de fuerza permanentemente.",55 - 126 / Primera Edición,Mauricio Herrera,"Brujo ladrón, aunque te castigan, hasta dejarte medio muerto, cuando te repones vuelves a las andadas... Brujo porfiado."
55,Pahuahtun,https://static.wikia.nocookie.net/myl-tcg/images/2/22/Pahuahtun.jpg/revision/latest?cb=20201214022512&path-prefix=es,Aliado,2,0,Chamán,Cortesano,La Ira del Nahual,Para que entre en juego debes descartarte de una carta de tu mano (Imbloqueable).,56 - 126 / Primera Edición,Luis Castillo,"El sonido del trueno, el sonido del caracol, impredecible es el destino del regador, a veces dañino, a veces beneficioso."
56,Itzam Ná,https://static.wikia.nocookie.net/myl-tcg/images/d/d5/Itzam_N%C3%A1_2.png/revision/latest?cb=20211020171729&path-prefix=es,Aliado,2,3,Chamán,Cortesano,La Ira del Nahual,Puede bloquear cartas imbloqueables.,57 - 126 / Primera Edición,Rodrigo Elgueta,"La vida se halla por doquier surgida del sublime conjuro de la potencia celeste, casa de iguanas, la mano creadora, suprema energía vital."
57,Nanahuatzin,https://static.wikia.nocookie.net/myl-tcg/images/8/8a/Nanahuatzin.jpg/revision/latest?cb=20221204122747&path-prefix=es,Aliado,4,1,Chamán,Real,La Ira del Nahual,Para entrar en juego bota al cementerio dos cartas de tu castillo. (Imbloqueable. Carta única),58 - 126 / Primera Edición,Gabriel Rodríguez,"¿Quién será el quinto sol? Se preguntaron los dioses en Teotihuacán. El dios rico tuvo miedo ante el bracero, Teotexcalli. Nanahuatzin, el desvalido, cerró los ojos y saltó."
58,Kenos,https://static.wikia.nocookie.net/myl-tcg/images/a/a2/Kenos.jpg/revision/latest?cb=20201214184536&path-prefix=es,Aliado,1,1,Chamán,Vasallo,La Ira del Nahual,Puedes destruirlo cuando quieras y un Aliado oponente tendrá fuerza 0 hasta el final del turno.,59 - 126 / Primera Edición,Alan Robinson,"Kenos pidió a sus hermanos gigantes, Cenuque, Cojol y Taiyín, que lo escoltaran al sur. Dijo a sus ancianos hermanos, ""Toda forma tiene su tiempo, esperen y verán..."""
59,Cin Teotl,https://static.wikia.nocookie.net/myl-tcg/images/2/23/Cin_Teotl_2.png/revision/latest?cb=20211020175652&path-prefix=es,Aliado,2,2,Chamán,Vasallo,La Ira del Nahual,Si bloquea gana +1 de fuerza hasta el final del turno.,60 - 126 / Primera Edición,Juan Vásquez,"Cinteotl se metió bajo la tierra, y cada parte de su cuerpo se convirtió en toda clase de frutos y alimentos, como el maíz, para que los hombres siembren y cosechen."
60,Wiraqocha,https://static.wikia.nocookie.net/myl-tcg/images/0/09/Wiraqocha_2.png/revision/latest?cb=20211020175656&path-prefix=es,Aliado,1,2,Chamán,Cortesano,La Ira del Nahual,Si ataca y hace daño al castillo oponente puedes buscar un Chamán en tu castillo y ponerlo en tu mano.,61 - 126 / Primera Edición,Juan Vásquez/Rodrigo Elgueta,"De una piedra llamó a salir a las cañas, que se lanzaron a matarle. Wiraqocha hizo caer fuego del cielo, muchos murieron. Apagó el fuego y dijo: ""Soy vuestro Hacedor"", las cañas se postraron ante él."
61,Huehue Teotl,https://static.wikia.nocookie.net/myl-tcg/images/2/22/Huehue_Teotl_2.png/revision/latest?cb=20211020175657&path-prefix=es,Aliado,2,3,Chamán,Cortesano,La Ira del Nahual,Por cada Chamán que tengas en juego este Chamán gana +1 de fuerza.,62 - 126 / Primera Edición,Rodrigo Elgueta,"Como el Tlecuil, el brasero, actúa en el centro de toda casa. El señor de la turquesa. el dios viejo con su nahual, la serpiente de fuego, actúa desde el centro de todas las cosas."
62,Kalku,https://static.wikia.nocookie.net/myl-tcg/images/f/fc/Kalku_2.png/revision/latest?cb=20211020175657&path-prefix=es,Aliado,3,6,Chamán,Real,La Ira del Nahual,Cuando entra en juego tu oponente bota 3 cartas de su castillo.,63 - 126 / Primera Edición,Gabriel Rodríguez,"Por sus capacidades maléficas de traer sufrimiento, enfermedad y muerte, el brujo es temido y rechazado. Es mejor callar: hablar del mal atrae al mal."
63,Runa Urutrungu,https://static.wikia.nocookie.net/myl-tcg/images/3/32/Runa_Urutrungu.jpg/revision/latest?cb=20201214190431&path-prefix=es,Aliado,2,4,Chamán,Real,La Ira del Nahual,Cuando entra en juego puedes buscar un Tótem y ponerlo en juego.,64 - 126 / Primera Edición,Gabriel Rodríguez,"El mago se revuelca en el cuero diciendo las palabras secretas, se levanta transformado en feroz jaguar."
64,Apu Illa,https://static.wikia.nocookie.net/myl-tcg/images/1/19/Apu_Illa_2.png/revision/latest?cb=20211020181326&path-prefix=es,Aliado,1,3,Chamán,Cortesano,La Ira del Nahual,Puede llevar un Arma gratis.,65 - 126 / Primera Edición,Rodrigo Elgueta,"Con la onda y la masa, con el granizo y el rayo, retumba el dios en las alturas, para romper el cántaro y hacer bajar el agua de los cielos."
65,Kukulcan,https://static.wikia.nocookie.net/myl-tcg/images/d/d0/Kukulcan_2.png/revision/latest?cb=20211020181330&path-prefix=es,Aliado,2,2,Chamán,Vasallo,La Ira del Nahual,"Una vez por turno, pagando uno de Oro, puedes ver la carta superior de cualquier castillo.",66 - 126 / Primera Edición,Juan Vásquez,"Encarnación del señor del viento, rey, sacerdote y sabio, develador de las ciencias. Abandona los sacrificios y ofrendas de vidas humanas a los dioses."
66,Inti,https://static.wikia.nocookie.net/myl-tcg/images/b/b1/Inti.jpg/revision/latest?cb=20201218122452&path-prefix=es,Aliado,3,3,Chamán,Real,La Ira del Nahual,Cuando entra en juego destruye 2 oros de tu oponente.,67 - 126 / Primera Edición,Rodrigo Elgueta,"Libre de temor, regresa hijo mío, soy el Sol, tu padre. Por los dones que han de venir, recuérdame y salúdame en tus ofrendas."
67,Tezcaltlipoca,https://static.wikia.nocookie.net/myl-tcg/images/e/ef/Tezcaltlipoca_2.png/revision/latest?cb=20211020182201&path-prefix=es,Aliado,1,2,Chamán,Cortesano,La Ira del Nahual,Cuando entra en juego busca un Tótem en tu cementerio y ponlo en tu mano.,68 - 126 / Primera Edición,Mauricio Herrera,"Por ti caen y por ti se elevan hombre e imperios. Tú, siempre joven, el primero en llegar, el que engaña y no será engañado. El que se inventa a si mismo."
68,Joon,https://static.wikia.nocookie.net/myl-tcg/images/d/d5/Joon_2.png/revision/latest?cb=20211020182206&path-prefix=es,Aliado,1,3,Chamán,Vasallo,La Ira del Nahual,Gana +1 de fuerza por cada Aliado que te ataque hasta el final del turno.,69- 126 / Primera Edición,Alan Robinson,"El mago ve con su ojo a la distancia... No es como los demás, los espíritus y los elementos acuden a su poderoso llamado y son fieles a sus órdenes."
69,Cipatonal y Oxmoco,https://static.wikia.nocookie.net/myl-tcg/images/3/3e/Cipatonal_y_Oxmoco.jpg/revision/latest?cb=20201218152811&path-prefix=es,Aliado,3,4,Chamán,Real,La Ira del Nahual,"Si es destruido, devuelve 3 cartas a elección de tu cementerio a tu castillo.",70 - 126 / Primera Edición,Gabriel Rodríguez,A través de la ciencia de sus augurios hablan los dioses. Así se revelaron el calendario y el secreto escondido en el mapa de los sueños.
70,Cunas,https://static.wikia.nocookie.net/myl-tcg/images/2/28/Cunas.jpg/revision/latest?cb=20201218153447&path-prefix=es,Aliado,1,1,Guerrero,Vasallo,La Ira del Nahual,Imbloqueable.,71 - 126 / Primera Edición,Rodrigo Elgueta,"Quieres casarte con una hermosa mujer, servirás en casa de tu suegra antes del matrimonio. Es la tradición."
71,Tlaloques,https://static.wikia.nocookie.net/myl-tcg/images/4/41/Tlaloques.png/revision/latest?cb=20201202201837&path-prefix=es,Aliado,1,3,Guerrero,Real,La Ira del Nahual,Gana +2 de fuerza por cada Chamán en juego.,72 - 126 / Primera Edición,Waldo Retamales,"Tlaloc los creó para rociar las cuatro aguas almacenadas en los cielos: con una viene el buen tiempo, con otra se nubla y se crean telarañas, con otra cae la helada y con otra la cosecha no madura y se seca."
72,Galvarino,https://static.wikia.nocookie.net/myl-tcg/images/f/f9/Galvarino_2.png/revision/latest?cb=20211020183354&path-prefix=es,Aliado,3,4,Guerrero,Cortesano,La Ira del Nahual,Puede llevar un Arma extra.,73 - 126 / Primera Edición,Mauricio Herrera,"Cortas una mano... verdugo corta las dos, morir como valiente o vivir como un vencido."
73,Cangrejos,https://static.wikia.nocookie.net/myl-tcg/images/c/c3/Cangrejos_2.png/revision/latest?cb=20211020183359&path-prefix=es,Aliado,2,3,Guerrero,Cortesano,La Ira del Nahual,Si lleva un Arma es imbloqueable.,74 - 126 / Primera Edición,Rodrigo Elgueta,"Danzan por los guerreros muertos que resucitan, aman, luchan, matan, mueren y vuelven a resucitar. La vida se repite y se repite... para quien está ciego."
74,Tzitzimime,https://static.wikia.nocookie.net/myl-tcg/images/9/9f/Tzitzimime_2.png/revision/latest?cb=20211020183359&path-prefix=es,Aliado,2,4,Guerrero,Cortesano,La Ira del Nahual,Puede atacar cuando entra en juego. (Imbloqueable),75 - 126 / Primera Edición,Mauricio Herrera,"Cuando el mundo acabe, habrá terremotos y las tzitzimime que rodean a Huitzcilopochtli bajarán del segundo cielo convertidas en jaguares a devorar a la humanidad, antes que los terremotos arruinen al Sol."
75,Huracán,https://static.wikia.nocookie.net/myl-tcg/images/6/69/Huracan.jpg/revision/latest?cb=20201223040053&path-prefix=es,Aliado,3,0,Guerrero,Real,La Ira del Nahual,"Puede atacar cuando entra en juego, al final del turno en que ataques es destruido. (Imbloqueable)",76 - 126 / Primera Edición,Gabriel Rodríguez,"Rayo de una pierna, rayo pequeño y rayo largo, son el corazón del cielo, los tres como uno soplan el aliento de vida sobre las aguas de la creación informe."
76,Rumiñahui,https://static.wikia.nocookie.net/myl-tcg/images/5/51/Rumi%C3%B1ahui.png/revision/latest?cb=20211020184252&path-prefix=es,Aliado,1,1,Guerrero,Vasallo,La Ira del Nahual,Puede atacar el turno que entra en juego.,77 - 126 / Primera Edición,Juan Vásquez,"A Cara de Piedra, el más duro general de Atahualpa, en la batalla sus tropas lo cegarían hasta la muerte."
77,Caupolicán,https://static.wikia.nocookie.net/myl-tcg/images/3/35/Caupolic%C3%A1n_2.png/revision/latest?cb=20211020184256&path-prefix=es,Aliado,2,3,Guerrero,Cortesano,La Ira del Nahual,Cuando entra en juego busca un Tótem en tu cementerio y ponlo en tu mano.,78 - 126 / Primera Edición,Mauricio Herrera,"""Vendrá fuego, vendrá guerra"", dijeron los ancianos. Ser toqui es quizás una responsabilidad demasiado pesada para otros hombres... y otros hombros."
78,Chacs,https://static.wikia.nocookie.net/myl-tcg/images/0/0d/Chacs.jpg/revision/latest?cb=20201228120201&path-prefix=es,Aliado,6,0,Guerrero,Real,La Ira del Nahual,Para entrar en juego descártate de todas las cartas de tu mano. (Carta única).,79 - 126 / Primera Edición,Gabriel Rodríguez,"Los que riegan blandiendo sus hachas de piedra, cabalgan con brío sus serpientes desde el fondo de la puerta del cielo."
79,Guajiro,https://static.wikia.nocookie.net/myl-tcg/images/f/f1/Guajiro_2.png/revision/latest?cb=20211020185105&path-prefix=es,Aliado,2,2,Guerrero,Vasallo,La Ira del Nahual,Cuando ataca gana +1 de fuerza hasta el final del turno.,80 - 126 / Primera Edición,Rodrigo Elgueta,"Astucia y valor guían al cazador por montes y valles; regresar al hogar es alegría, cuando se trae alimento para muchos días... y muchos niños."
80,Cabracán,https://static.wikia.nocookie.net/myl-tcg/images/4/42/Cabrac%C3%A1n.jpg/revision/latest?cb=20201231035304&path-prefix=es,Aliado,2,3,Guerrero,Real,La Ira del Nahual,Destruye esta carta y luego destruye un Tótem de tu oponente.,81 - 126 / Primera Edición,Gabriel Rodríguez,"Dos piernas, el tercero de los soberbios; exaltaba su gloria, su grandeza y su poder. ¡Yo muevo las montañas y estaré derribándolas para siempre!"
81,Guerrero Águila,https://static.wikia.nocookie.net/myl-tcg/images/d/d8/Guerrero_%C3%81guila_2.png/revision/latest?cb=20211020185110&path-prefix=es,Aliado,2,4,Guerrero,Vasallo,La Ira del Nahual,"Por cada guerrero destruido, gana +1 de fuerza permanentemente.",82 - 126 / Primera Edición,Alejandro Romero,Se elevó como es sol sobre sus cabezas y como flecha sembró el miedo en el enemigo.
82,Lautaro,https://static.wikia.nocookie.net/myl-tcg/images/5/58/Lautaro_2.png/revision/latest?cb=20211020185110&path-prefix=es,Aliado,X,4,Guerrero,Cortesano,La Ira del Nahual,"Cuando entra en juego destruye todos tus Aliados  en juego. Por cada Aliado destruido, Lautaro gana +1 de fuerza permanentemente. (Imbloqueable)",83 - 126 / Primera Edición,Mauricio Herrera,"Nuestro líder indomable, astuto estratega, el libertador al que seguimos en esta guerra como un relámpago. ¡¡¡Diez veces venceremos!!!"
83,Etsa,https://static.wikia.nocookie.net/myl-tcg/images/8/88/Etsa_2.png/revision/latest?cb=20211020185110&path-prefix=es,Aliado,2,2,Guerrero,Vasallo,La Ira del Nahual,No puede ser bloqueado por Chamanes.,84 - 126 / Primera Edición,Waldo Retamales,"Sol valiente supo de Yacancam, la verdad: Iwua se comió a sus padre. Se deshizo en rabia y tristeza. ""Tus padres se han ido"", dijo la paloma, ""devuelve la vida a los pájaros: introduce en la cerbatana las plumas y sopla..."""
84,Karib,https://static.wikia.nocookie.net/myl-tcg/images/7/76/Karib_2.png/revision/latest?cb=20211021005030&path-prefix=es,Aliado,3,4,Guerrero,Vasallo,La Ira del Nahual,Llevar Armas en este Aliado te cuesta un Oro menos.,85 - 126 / Primera Edición,Rodrigo Elgueta,"Ser veloz, ser astuto, conocer la tierra y la selva, vivir en armonía. Honrar a los antepasados."
85,Cihuate Teotl,https://static.wikia.nocookie.net/myl-tcg/images/5/59/Cihuate_Teotl_2.png/revision/latest?cb=20211021005035&path-prefix=es,Aliado,2,3,Guerrero,Real,La Ira del Nahual,Gana +1 de fuerza por cada arma que tengas en juego.,86 - 126 / Primera Edición,Mauricio Herrera,"Como guerreros muertos en la guerra, las mujeres muertas en el parto, ayudan al sol en su recorrido por el cielo, recogiéndolo en su apogeo para llevarlo hasta el occidente."
86,Ñamandú,https://static.wikia.nocookie.net/myl-tcg/images/6/65/%C3%91amandu_2.png/revision/latest?cb=20211021005035&path-prefix=es,Aliado,1,2,Guerrero,Cortesano,La Ira del Nahual,Cuando entra en juego puedes verle la mano a tu oponente.,87 - 126 / Primera Edición,Alan Robinson,"Los gigantes lo pusieron al fuego, pero no se cocía. Ñamandú salió de la fogata y tornó a los gigantes en buitres carroñeros. Encendió una flecha con la brasa tragada por Curucuru corazón verde, la lanzó con su arco y el fuego entró en la madera del árbol."
87,Peri Pillán,https://static.wikia.nocookie.net/myl-tcg/images/9/93/Peri_Pill%C3%A1n_2.png/revision/latest?cb=20211021005035&path-prefix=es,Aliado,1,2,Guerrero,Cortesano,La Ira del Nahual,Puede llevar un Arma extra.,88 - 126 / Primera Edición,Mauricio Herrera,"Peri Pillán y los suyos tratan de huir de su prisión de roca, sus cuerpos se resbalan como enormes culebras de fuego por los costados del cerro y en vez de ser luz, se apagan y se convierten en piedra: es el castigo de Antü."
88,Umoara,https://static.wikia.nocookie.net/myl-tcg/images/7/7f/Umoara_2.png/revision/latest?cb=20211021010707&path-prefix=es,Aliado,4,4,Guerrero,Real,La Ira del Nahual,Puede llevar un arma extra.,89 - 126 / Primera Edición,Mauricio Herrera,"Pequeño y audaz, Umoara librará nuestra isla del voraz y destructivo apetito de ese monstruo venido de las temibles profundidades. El prometió a sus esposas volver y ...¡¡¡volverá!!!"
89,Acihuatl,https://static.wikia.nocookie.net/myl-tcg/images/b/b3/Acihuatl.jpg/revision/latest?cb=20210103223325&path-prefix=es,Aliado,5,5,Guerrero,Real,La Ira del Nahual,Puede bloquear a más de un aliado.,90 - 126 / Primera Edición,Gabriel Rodríguez,"La dueña del mar se oculta en la profundidad de los pozos de los pueblos para inundarlos y hacer así, otro mar."
90,Tlaca Tecolotl,https://static.wikia.nocookie.net/myl-tcg/images/b/b5/Tlaca_Tecolotl_2.png/revision/latest?cb=20211021011305&path-prefix=es,Aliado,3,6,Guerrero,Real,La Ira del Nahual,"Cuando entra en juego, roba 4 cartas de tu castillo y descarta 2 de tu mano.",91 - 126 / Primera Edición,Dreg,"El hechicero, el hombre búho, se hace invisible con su fetiche de brazo de mujer muerta, para entrar en las casas y robar lo que nunca será suyo por derecho."
91,Centzon Totochtin,https://static.wikia.nocookie.net/myl-tcg/images/e/e8/Centzon_Totochtin_2.png/revision/latest?cb=20211021011312&path-prefix=es,Aliado,3,4,Guerrero,Vasallo,La Ira del Nahual,Puede llevar un Arma extra.,92 - 126 / Primera Edición,Gabriel Rodríguez,"Los cuatrocientos conejos, los hijos de Mayáhuel, danzan ante la tinaja llena de licor sagrado. Sólo cuatro copas de pulque para el elegido, una quinta es borrachera."
92,Ahu Kin,https://static.wikia.nocookie.net/myl-tcg/images/8/88/Ahu_Kin.jpg/revision/latest?cb=20210105181431&path-prefix=es,Aliado,1,2,Guerrero,Real,La Ira del Nahual,Cuando entra en juego destruye un arma en juego.,93 - 126 / Primera Edición,Waldo Retamales,"El señor Antorcha Jaguar, devora con su aliento las cosechas. Los campesinos están tristes bajo un calor sofocante."
93,Quetzalcoatl Retorna,https://static.wikia.nocookie.net/myl-tcg/images/5/5a/Quetzalcoatl_Retorna_2.png/revision/latest?cb=20211021011309&path-prefix=es,Aliado,2,3,Guerrero,Vasallo,La Ira del Nahual,Gana +1 de fuerza si ataca.,94 - 126 / Primera Edición,Pablo Ferrer,"Cumpliendo su promesa, el señor de la casa del alba, serpiente de plumas preciosas, regresó con la vida, con el esplendor y la prosperidad a Thulan, su ciudad capital."
94,Chasqui,https://static.wikia.nocookie.net/myl-tcg/images/6/65/Chasqui.jpg/revision/latest?cb=20210105193459&path-prefix=es,Aliado,4,2,Guerrero,Real,La Ira del Nahual,"No puede atacar. Si recibe daño para ser destruido, puedes pagar un oro para que siga en juego.",95 - 126 / Primera Edición,Rodrigo Elgueta,"Mensajero corre sin descanso, corre la carrera de los quipus, de los nudos, del mensaje que llegará a oídos del Inca."
95,Tlazolteotl,https://static.wikia.nocookie.net/myl-tcg/images/6/6b/Tlazolteotl_2.png/revision/latest?cb=20211021012514&path-prefix=es,Aliado,4,4,Guerrero,Real,La Ira del Nahual,Cuando entra en juego destruye todos los aliados de todos los jugadores que tengan 2 o menos de fuerza.,96 - 126 / Primera Edición,Gabriel Rodríguez,"Bendita diosa de las encrucijadas, quizás haya malos hijos, nunca una mala madre. Nosotros confesamos fallas, faltas y pecados. En tu compasión devora nuestras inmundicias y concédenos una vez el perdón."
96,Tsachila,https://static.wikia.nocookie.net/myl-tcg/images/e/ef/Tsachila_2.png/revision/latest?cb=20211021012521&path-prefix=es,Aliado,2,3,Guerrero,Vasallo,La Ira del Nahual,Sin Habilidad,97 - 126 / Primera Edición,Rodrigo Elgueta,En la selva se escucha el eco de la marimba. El cazador astuto atrae al animal imitando su voz... Algo se mueve... la cacería es propicia.
97,Killa,https://static.wikia.nocookie.net/myl-tcg/images/b/bd/Killa_2.png/revision/latest?cb=20211021012519&path-prefix=es,Aliado,4,6,Guerrero,Vasallo,La Ira del Nahual,Sin Habilidad,98 - 126 / Primera Edición,Rodrigo Elgueta,"Señora radiante como la plata, alúmbranos en la noche, guiados por los estrechos caminos de este mundo."
98,Shuar,https://static.wikia.nocookie.net/myl-tcg/images/0/02/Shuar_2.png/revision/latest?cb=20211021012519&path-prefix=es,Aliado,2,2,Guerrero,Vasallo,La Ira del Nahual,Sin Habilidad,99 - 126 / Primera Edición,Gabriel Rodríguez,"El abuelo Arutam, el tigre de la mañana, lo llevó a caminar por la selva inmensa y le relató, cómo el luminoso Etsa devolvió la vida a los pájaros."
99,Moctezuma,https://static.wikia.nocookie.net/myl-tcg/images/a/ae/Moctezuma_2.png/revision/latest?cb=20211021012519&path-prefix=es,Aliado,2,0,Guerrero,Vasallo,La Ira del Nahual,Sólo puede bloquear.,100 - 126 / Primera Edición,Alejandro Romero,"Su persona es sagrada, su poder ilimitado..., pero la angustia lo subyuga; durante dieciséis años innumerables signos inquietantes han predicho... el fin de su imperio."
100,Basilisco,https://static.wikia.nocookie.net/myl-tcg/images/c/cb/Basilisco.jpg/revision/latest?cb=20210106220746&path-prefix=es,Aliado,2,2,Bestia,Vasallo,La Ira del Nahual,"Cuando entra en juego, elige un tipo de Aliado y Basilisco no podrá ser bloqueado por éste.",101 - 126 / Primera Edición,Alejandro Romero,"El Basilisco asoma la cabeza para matar con su mirada; si alcanza a divisar un brazo o una pierna, ésta se paraliza de por vida."
101,Camahueto,https://static.wikia.nocookie.net/myl-tcg/images/8/8d/Camahueto.jpg/revision/latest?cb=20210106221809&path-prefix=es,Aliado,3,2,Bestia,Vasallo,La Ira del Nahual,Después de atacar vuelve a la línea de defensa.,102 - 126 / Primera Edición,Waldo Retamales,"Al madurar corre hacia el mar, abriendo un profundo surco en la tierra, destruyendo todo a su paso. Muchos codician los peligrosos poderes de su cuerno."
102,Cuchivilu,https://static.wikia.nocookie.net/myl-tcg/images/d/d8/Cuchivilu.jpg/revision/latest?cb=20210106223326&path-prefix=es,Aliado,2,2,Bestia,Real,La Ira del Nahual,Cuando entra en juego toda tus bestias ganan +1 de fuerza permanentemente.,103 - 126 / Primera Edición,Mauricio Herrera,"Temido monstruo de las profundidades acecha a sus presas, en las orillas de los ríos y lagos para matarlos y beberse su sangre."
103,Cuero,https://static.wikia.nocookie.net/myl-tcg/images/8/8a/Cuero.jpg/revision/latest?cb=20210106223658&path-prefix=es,Aliado,6,4,Bestia,Cortesano,La Ira del Nahual,Mientras esté en juego todas tus Bestias son imbloqueables.,104 - 126 / Primera Edición,Mauricio Herrera,"El voraz cuero salta del agua sobre su presa para envolverla, arrastrarla al fondo y allí devorarla."
104,Caballo Marino,https://static.wikia.nocookie.net/myl-tcg/images/c/c2/Caballo_Marino_2.png/revision/latest?cb=20211021015634&path-prefix=es,Aliado,2,2,Bestia,Vasallo,La Ira del Nahual,Si ataca gana +1 de fuerza por el turno.,105 - 126 / Primera Edición,Alejandro Romero,"Con un silbido fue llamado. Dominado por riendas de sargazo, trece brujos lo cabalgan, entre el oleaje embravecido."
105,Amaru,https://static.wikia.nocookie.net/myl-tcg/images/6/6a/Amaru_2.png/revision/latest?cb=20211021015638&path-prefix=es,Aliado,5,5,Bestia,Vasallo,La Ira del Nahual,Sin Habilidad,106 - 126 / Primera Edición,Alejandro Romero,"Diez mil guerreros lo combaten. Niebla surge de su hocico, del batir de sus alas cae lluvia torrencial, granizo se desprende de su cola de pez. Todo está escrito en sus escamas."
106,Chinivilu,https://static.wikia.nocookie.net/myl-tcg/images/a/a1/Chinivilu_2.png/revision/latest?cb=20211021015639&path-prefix=es,Aliado,2,2,Bestia,Vasallo,La Ira del Nahual,"Si es destruido, una Bestia que elijas gana +2 de fuerza por el resto del juego.",107 - 126 / Primera Edición,Alejandro Romero,"Si logras cazarla, cortarle una de sus colas y guardarla cuidadosamente, te harás rico."
107,Cuauhtémoc,https://static.wikia.nocookie.net/myl-tcg/images/0/0c/Cuauht%C3%A9moc_2.png/revision/latest?cb=20211021015639&path-prefix=es,Aliado,3,5,Guerrero,Cortesano,La Ira del Nahual,"Si es bloqueado, puedes buscar un Arma en tu castillo y ponerla en tu mano.",108 - 126 / Primera Edición,Mauricio Herrera,"Tenochtitlán estaba destruida. En el ocaso el águila desciende y entra en la Tierra. No se perderá esta guerra aquí, en esta tierra. Esta tierra volverá a nacer."
108,Puchao,https://static.wikia.nocookie.net/myl-tcg/images/f/fb/Puchao.png/revision/latest?cb=20221213083221&path-prefix=es,Oro,Sin Fuerza,Sin Costo,Sin Raza,Real,La Ira del Nahual,"Devuelve un oro a tu mano, luego pon esta carta en tu reserva de oro.Al utilizarlo cuenta como 2 oros.",109 - 126 / Primera Edición,Dreg,"Rostro del día auspicioso, tus rayos, como serpientes, zigzaguean cálidos por los cuatro rincones del mundo."
109,Tesoro de Guayacán,https://static.wikia.nocookie.net/myl-tcg/images/a/a9/LIDN-110.jpg/revision/latest?cb=20210616023851&path-prefix=es,Oro,Sin Fuerza,Sin Costo,Sin Raza,Real,La Ira del Nahual,Destruye dos aliados en juego y pon esta carta en tu reserva de oro.Al utilizarlo cuenta como 3 oros.,110 - 126 / Primera Edición,Gonzalo Manterola,"Los piratas volverán a reclamar el oro defendido por los muertos. Los siglos pasan y ellos nunca vuelven... Lo que fácil llega, fácil se va."
110,Trapelacucha,https://static.wikia.nocookie.net/myl-tcg/images/4/47/Trapelacucha.png/revision/latest?cb=20211021023145&path-prefix=es,Oro,Sin Fuerza,Sin Costo,Sin Raza,Sin Frecuencia,La Ira del Nahual,Sin Habilidad,111 - 126 / Primera Edición,Andrés Blanco,"Del pectoral de liken con el águila de dos cabezas, descienden dos pillanes. El liken, la plata, da protección, atrae salud y bienestar."
111,Collar de Maní,https://static.wikia.nocookie.net/myl-tcg/images/c/c8/Collar_de_Man%C3%AD_2.png/revision/latest?cb=20211021023150&path-prefix=es,Oro,Sin Fuerza,Sin Costo,Sin Raza,Sin Frecuencia,La Ira del Nahual,Sin Habilidad,112 - 126 / Primera Edición,Juan Vásquez,Semillas de sol y semillas de luna se unen en el collar del poder creador.
112,Nariguera,https://static.wikia.nocookie.net/myl-tcg/images/f/f5/Nariguera_2.png/revision/latest?cb=20211021023155&path-prefix=es,Oro,Sin Fuerza,Sin Costo,Sin Raza,Sin Frecuencia,La Ira del Nahual,Sin Habilidad,113 - 126 / Primera Edición,Juan Vásquez,"Respira la energía de la joya..., la verdad del ritmo de los mundos."
113,Señor de Sipán,https://static.wikia.nocookie.net/myl-tcg/images/3/3f/Se%C3%B1or_de_Sip%C3%A1n.png/revision/latest?cb=20211021023150&path-prefix=es,Oro,Sin Fuerza,Sin Costo,Sin Raza,Sin Frecuencia,La Ira del Nahual,Sin Habilidad,114 - 126 / Primera Edición,Waldo Retamales,"A pesar de la tumba fastuosa, que corresponde a su rango, el gran señor sabe que en su viaje al más allá sólo lleva consigo como capa la generosidad entregada a este mundo."
114,Uxmal,https://static.wikia.nocookie.net/myl-tcg/images/2/27/Uxmal_2.png/revision/latest?cb=20211021023150&path-prefix=es,Oro,Sin Fuerza,Sin Costo,Sin Raza,Sin Frecuencia,La Ira del Nahual,Sin Habilidad,115 - 126 / Primera Edición,Waldo Retamales,"Las diferentes ramas de las tribus se iban reuniendo y éste fue el lugar de su ciudad... Allí hicieron sus casas y construyeron el templo. Mientras otras ciudades-estado declinan, Uxmal se alza."
115,Machu Picchu,https://static.wikia.nocookie.net/myl-tcg/images/9/9e/Machu_Picchu_2.png/revision/latest?cb=20211021024742&path-prefix=es,Oro,Sin Fuerza,Sin Costo,Sin Raza,Sin Frecuencia,La Ira del Nahual,Sin Habilidad,116 - 126 / Primera Edición,Gabriel Rodríguez,"Sube, hermano, desde el valle profundo, aquí sobre la vieja montaña, a esta ciudad oculta con sus templos y sus Vírgenes del Sol. ¿Quién la construyó? Quizás el gran Inka Pachakuteq."
116,Zampoña,https://static.wikia.nocookie.net/myl-tcg/images/f/fb/Zampo%C3%B1a_2.png/revision/latest?cb=20211021024746&path-prefix=es,Oro,Sin Fuerza,Sin Costo,Sin Raza,Sin Frecuencia,La Ira del Nahual,Sin Habilidad,117 - 126 / Primera Edición,Gabriel Rodríguez,"La canción del monte evoca los antiguos caminos estrechos, los generosos caminos eternos que recorren los caminantes."
117,Tzolkin,https://static.wikia.nocookie.net/myl-tcg/images/b/ba/Tzolkin_2.png/revision/latest?cb=20211021025416&path-prefix=es,Oro,Sin Fuerza,Sin Costo,Sin Raza,Sin Frecuencia,La Ira del Nahual,Sin Habilidad,118 - 126 / Primera Edición,Mauricio Herrera,"Los sabios escribían: Todo año, toda luna, todo día, todo viento, camina y pasa también. Así entendían los misterios y así enseñaban los secretos."
118,Cráneo de Cristal,https://static.wikia.nocookie.net/myl-tcg/images/a/ad/Cr%C3%A1neo_de_Cristal_2.png/revision/latest?cb=20211021025421&path-prefix=es,Oro,Sin Fuerza,Sin Costo,Sin Raza,Sin Frecuencia,La Ira del Nahual,Sin Habilidad,119 - 126 / Primera Edición,Dreg,"Contempla el misterio: en la transparencia, en el fundamento de la vida, no hay dureza."
119,Trutuca,https://static.wikia.nocookie.net/myl-tcg/images/0/07/Trutruca_2.png/revision/latest?cb=20211021025420&path-prefix=es,Oro,Sin Fuerza,Sin Costo,Sin Raza,Sin Frecuencia,La Ira del Nahual,Sin Habilidad,120 - 126 / Primera Edición,Dreg,"Suena propicia la trutruca en el nguillatún, vienen luego los sahumerios y las ofrendas, se pide por alimento y tranquilidad para todos aquí en nuestro mapu. Tres días son de rogativas."
120,Puerta del Sol Tiahuanacu,https://static.wikia.nocookie.net/myl-tcg/images/d/db/Puerta_del_Sol_Tiahuanacu_2.png/revision/latest?cb=20211021025420&path-prefix=es,Oro,Sin Fuerza,Sin Costo,Sin Raza,Sin Frecuencia,La Ira del Nahual,Sin Habilidad,121 - 126 / Primera Edición,Alejandro Romero,"Floreció un imperio, maduró y se marchitó. Quedaron las piedras en ruinas y en los corazones de los hombres quedó la puerta del sol."
121,Nazca,https://static.wikia.nocookie.net/myl-tcg/images/1/11/Nazca_2.png/revision/latest?cb=20211021025421&path-prefix=es,Oro,Sin Fuerza,Sin Costo,Sin Raza,Sin Frecuencia,La Ira del Nahual,Sin Habilidad,122 - 126 / Primera Edición,Gabriel Rodríguez,En el suelo del tiempo inmemorial fueron grabados las señales y enseñanzas de los dioses
122,Columnas de Thulan,https://static.wikia.nocookie.net/myl-tcg/images/b/bf/Columnas_de_Thulan_2.png/revision/latest?cb=20211021030700&path-prefix=es,Oro,Sin Fuerza,Sin Costo,Sin Raza,Sin Frecuencia,La Ira del Nahual,Sin Habilidad,123 - 126 / Primera Edición,Waldo Retamales,"Los cuatro colosos sostienen el cielo, el rey sacerdote ora al sol que amanece sobre la santa ciudad de Thulan."
123,Tenochtitlán,https://static.wikia.nocookie.net/myl-tcg/images/b/bc/Tenochtitl%C3%A1n_2.png/revision/latest?cb=20211021030704&path-prefix=es,Oro,Sin Fuerza,Sin Costo,Sin Raza,Sin Frecuencia,La Ira del Nahual,Sin Habilidad,124 - 126 / Primera Edición,Juan Vásquez,"En el lugar donde abundan las runas, donde el águila se encuentra con la serpiente, las tribus mexicas fundaron su imponente ciudad capital, para, en nombre de su dios, dominar el mundo."
124,El Dorado,https://static.wikia.nocookie.net/myl-tcg/images/1/12/El_Dorado_2.png/revision/latest?cb=20211021030705&path-prefix=es,Oro,Sin Fuerza,Sin Costo,Sin Raza,Sin Frecuencia,La Ira del Nahual,Sin Habilidad,125 - 126 / Primera Edición,Waldo Retamales,"El Imperio Chibcha es un lugar de tesoros de oro y toda clase de piedras preciosas, un lugar perdido en alguna parte de Cundirumarca, el país del Cóndor."
125,Ciudad de los Césares,https://static.wikia.nocookie.net/myl-tcg/images/c/c5/Ciudad_de_los_C%C3%A9sares_2.png/revision/latest?cb=20211021030705&path-prefix=es,Oro,Sin Fuerza,Sin Costo,Sin Raza,Sin Frecuencia,La Ira del Nahual,Sin Habilidad,126 - 126 / Primera Edición,Mauricio Herrera,"Perdida en los confines de la leyenda, ni por mar ni por tierra llegarás a la asamblea de los césares. Quizás con la brújula que apunta al sur..., más al sur."
